{
    "$schema": "http://schema.management.azure.com/schemas/2015-01-01/deploymentTemplate.json#",
    "contentVersion": "1.0.0.0",
    "parameters": {
        "factoryName": {
            "type": "string",
            "metadata": "Data Factory Name",
            "defaultValue": "inddautbdtadf01"
        },
        "AzureBlobStorage1_connectionString": {
            "type": "secureString",
            "metadata": "Secure string for 'connectionString' of 'AzureBlobStorage1'"
        },
        "AzureDataLakeStore1_servicePrincipalKey": {
            "type": "secureString",
            "metadata": "Secure string for 'servicePrincipalKey' of 'AzureDataLakeStore1'"
        },
        "AzureDataLakeStore1_properties_typeProperties_dataLakeStoreUri": {
            "type": "string",
            "defaultValue": "https://inddautbdtdls01.azuredatalakestore.net/webhdfs/v1"
        },
        "AzureDataLakeStore1_properties_typeProperties_servicePrincipalId": {
            "type": "string",
            "defaultValue": "3ab325b4-fd99-4a72-b770-12c8c766d4a4"
        },
        "AzureDataLakeStore1_properties_typeProperties_tenant": {
            "type": "string",
            "defaultValue": "c160a942-c869-429f-8a96-f8c8296d57db"
        },
        "AzureDataLakeStore1_properties_typeProperties_subscriptionId": {
            "type": "string",
            "defaultValue": "07494aa9-3134-4cdd-9e14-e0d21257696c"
        },
        "AzureDataLakeStore1_properties_typeProperties_resourceGroupName": {
            "type": "string",
            "defaultValue": "bigrg"
        },
        "containerUri": {
            "type": "string",
            "metadata": "URI to storage account containing linked ARM templates"
        },
        "containerSasToken": {
            "type": "string",
            "metadata": "Sas Token to storage account containing linked ARM templates"
        }
    },
    "variables": {
        "factoryId": "[concat('Microsoft.DataFactory/factories/', parameters('factoryName'))]"
    },
    "resources": [
        {
            "name": "ArmTemplate_0",
            "type": "Microsoft.Resources/deployments",
            "apiVersion": "2018-02-01",
            "properties": {
                "mode": "incremental",
                "templateLink": {
                    "uri": "[concat(parameters('containerUri'), '/ArmTemplate_0.json', parameters('containerSasToken'))]",
                    "contentVersion": "1.0.0.0"
                },
                "parameters": {
                    "factoryName": {
                        "value": "[parameters('factoryName')]"
                    },
                    "AzureBlobStorage1_connectionString": {
                        "value": "[parameters('AzureBlobStorage1_connectionString')]"
                    },
                    "AzureDataLakeStore1_servicePrincipalKey": {
                        "value": "[parameters('AzureDataLakeStore1_servicePrincipalKey')]"
                    },
                    "AzureDataLakeStore1_properties_typeProperties_dataLakeStoreUri": {
                        "value": "[parameters('AzureDataLakeStore1_properties_typeProperties_dataLakeStoreUri')]"
                    },
                    "AzureDataLakeStore1_properties_typeProperties_servicePrincipalId": {
                        "value": "[parameters('AzureDataLakeStore1_properties_typeProperties_servicePrincipalId')]"
                    },
                    "AzureDataLakeStore1_properties_typeProperties_tenant": {
                        "value": "[parameters('AzureDataLakeStore1_properties_typeProperties_tenant')]"
                    },
                    "AzureDataLakeStore1_properties_typeProperties_subscriptionId": {
                        "value": "[parameters('AzureDataLakeStore1_properties_typeProperties_subscriptionId')]"
                    },
                    "AzureDataLakeStore1_properties_typeProperties_resourceGroupName": {
                        "value": "[parameters('AzureDataLakeStore1_properties_typeProperties_resourceGroupName')]"
                    }
                }
            },
            "dependsOn": []
        }
    ]
}