{
    "$schema": "https://schema.management.azure.com/schemas/2015-01-01/deploymentParameters.json#",
    "contentVersion": "1.0.0.0",
    "parameters": {
        "factoryName": {
            "value": "inddautbdtadf01"
        },
        "AzureBlobStorage1_connectionString": {
            "value": ""
        },
        "AzureDataLakeStore1_servicePrincipalKey": {
            "value": ""
        },
        "AzureDataLakeStore1_properties_typeProperties_dataLakeStoreUri": {
            "value": "https://inddautbdtdls01.azuredatalakestore.net/webhdfs/v1"
        },
        "AzureDataLakeStore1_properties_typeProperties_servicePrincipalId": {
            "value": "3ab325b4-fd99-4a72-b770-12c8c766d4a4"
        },
        "AzureDataLakeStore1_properties_typeProperties_tenant": {
            "value": "c160a942-c869-429f-8a96-f8c8296d57db"
        },
        "AzureDataLakeStore1_properties_typeProperties_subscriptionId": {
            "value": "07494aa9-3134-4cdd-9e14-e0d21257696c"
        },
        "AzureDataLakeStore1_properties_typeProperties_resourceGroupName": {
            "value": "bigrg"
        },
        "containerUri": {
            "value": ""
        },
        "containerSasToken": {
            "value": ""
        }
    }
}