{
    "$schema": "https://schema.management.azure.com/schemas/2015-01-01/deploymentParameters.json#",
    "contentVersion": "1.0.0.0",
    "parameters": {
        "factoryName": {
            "value": "abcd1234"
        },
        "AzureBlobStorage1_connectionString": {
            "value": ""
        },
        "AzureDataLakeStore1_servicePrincipalKey": {
            "value": ""
        },
        "AzureDataLakeStore1_properties_typeProperties_dataLakeStoreUri": {
            "value": "https://bigdataadls123.azuredatalakestore.net/webhdfs/v1"
        },
        "AzureDataLakeStore1_properties_typeProperties_servicePrincipalId": {
            "value": "96290480-1b0b-4787-b6b3-5cf32bcd28b2"
        },
        "AzureDataLakeStore1_properties_typeProperties_tenant": {
            "value": "c160a942-c869-429f-8a96-f8c8296d57db"
        },
        "AzureDataLakeStore1_properties_typeProperties_subscriptionId": {
            "value": "07494aa9-3134-4cdd-9e14-e0d21257696c"
        },
        "AzureDataLakeStore1_properties_typeProperties_resourceGroupName": {
            "value": "blobTOadls"
        },
        "containerUri": {
            "value": ""
        },
        "containerSasToken": {
            "value": ""
        }
    }
}